<?xml version="1.0"?>

<project name="input-test" basedir="." default="test1">

  <target name="test1">
    <input>Press Return key to continue...</input>
  </target>

  <target name="test2">
    <input message="Press Return key to continue..." />
  </target>

  <target name="test3">
    <input message="All data is going to be deleted from DB continue?"
           validargs="y,n"
           />
  </target>

  <target name="test5">
    <input message="All data is going to be deleted from db continue (y/n)?"
           validargs="y,n"
           />
  </target>

  <target name="test6">
    <input message="Please enter db-username:"
           addproperty="db.user"
           />
  </target>

  <target name="test1.1">
    <input>Press_Return_key_to_continue...</input>
  </target>

  <target name="test2.1">
    <input message="Press_Return_key_to_continue..." />
  </target>

  <target name="test3.1">
    <input message="All_data_is_going_to_be_deleted_from_DB_continue?"
           validargs="y,n"
           />
  </target>

  <target name="test5.1">
    <input message="All_data_is_going_to_be_deleted_from_db_continue_(y/n)?"
           validargs="y,n"
           />
  </target>

  <target name="test6.1">
    <input message="Please_enter_db_username"
           addproperty="db.user"
           />
  </target>

</project>
