<?xml version="1.0" encoding="UTF-8" ?>
<!DOCTYPE log4j:configuration SYSTEM "log4j.dtd">

<log4j:configuration>

        <appender name="NULL" class="org.apache.log4j.performance.NullAppender">
           <layout class="org.apache.log4j.TTCCLayout">
              <param name="DateFormat" value="RELATIVE"/>
	   </layout>
	</appender>
 
        <category name="A0123456789">  	
	   <priority value ="info" />
        </category>  	

	<root>
	   <priority value ="debug" />
   	   <appender-ref ref="NULL" />
	</root>
	
</log4j:configuration>
