<?xml version="1.0" encoding="UTF-8" ?>
<!DOCTYPE log4j:configuration SYSTEM "log4j.dtd">

<log4j:configuration>
        <appender name="ASYNC" class="org.apache.log4j.AsyncAppender">
   	   <appender-ref ref="TEMP" />
	</appender>

        <appender name="TEMP" class="org.apache.log4j.FileAppender">
           <param name="File" value="temp"/>
           <param name="Append" value="false"/>
           <layout class="org.apache.log4j.TTCCLayout">
              <param name="DateFormat" value="RELATIVE"/>
	   </layout>
	</appender>
 
        <category name="A0123456789">  	
	   <priority value ="info" />
        </category>  	

	<root>
	   <priority value ="debug" />
   	   <appender-ref ref="ASYNC" />
	</root>
	
</log4j:configuration>
