<?xml version="1.0" encoding="UTF-8" ?>
<!DOCTYPE log4j:configuration SYSTEM "log4j.dtd">

<log4j:configuration>
        <appender name="NULL" class="org.apache.log4j.FileAppender">
           <param name="File" value="temp"/>
           <param name="Append" value="false"/>
           <param name="ImmediateFlush" value="false"/>
           <layout class="org.apache.log4j.PatternLayout">
              <param name="ConversionPattern" 
                     value="%d{yyyy-MM-dd HH:mm:ss,SSS} [%t] %-5p %c %x - %m%n"/>
	   </layout>
	</appender>
 
        <category name="A0123456789">  	
	   <priority value ="info" />
        </category>  	

	<root>
	   <priority value ="debug" />
   	   <appender-ref ref="NULL" />
	</root>
	
</log4j:configuration>
