<?xml version="1.0"?>
<document>

  <properties>
    <author email="cgu@apache.org">Ceki Gulcu</author>
    <title>log4j project</title>
  </properties>

<body>

<section name="Reporting tools">


<p>Bugs should be reported by using the 
<a href="http://nagoya.apache.org/bugzilla">Apache Bug Database</a>.<br/>
Before reporting a problem, please <a href="http://nagoya.apache.org/bugzilla/query.cgi">check the database</a> 
and the <a href="HISTORY">project history file</a> to see if the problem is already known.</p>

<p>Support requests should be sent to the log4j-user list (see below).</p>

</section>

<section name="Mailing lists">

<p>New releases and important bug-fixes are anounced at the
<em>log4j-announce</em> list.  You can subscribe to the log4j-announce
list, or change your existing subscription <a
href="http://lists.sourceforge.net/mailman/listinfo/log4j-announce">online</a>.
The traffic on this list is extremely low and you are encouraged to
subscribe to this list if you are using log4j.</p>

<p>Discussion on log4j and logging in general are held on the
<em>log4j-user</em> mailing list. This list is <a
href="http://marc.theaimsgroup.com/?l=log4j-user&amp;r=1&amp;w=2">archived</a>.
To post a message to all its members, send email to <A
HREF="mailto:log4j-user@jakarta.apache.org">log4j-user@jakarta.apache.org</A>.
To subscribe to the log4j-users list send an email to <A
HREF="mailto:log4j-user-subscribe@jakarta.apache.org">log4j-user-subscribe@jakarta.apache.org</A>.</p>


<p>Development related discussions are held on the <em>log4j-dev</em> mailing
list.  This list is <a href="http://marc.theaimsgroup.com/?l=log4j-dev&amp;r=1&amp;w=2">archived</a>. To post a message to all its members,
send email to <A
HREF="mailto:log4j-dev@jakarta.apache.org">log4j-dev@jakarta.apache.org</A>. To subscribe to the log4j-dev list send an email to <A
HREF="mailto:log4j-dev-subscribe@jakarta.apache.org">log4j-dev-subscribe@jakarta.apache.org</A>.</p>


<p>All developers are encouraged to subscribe to the
<em>log4j-cvs</em> list which will notify you of CVS commits to the
repository. This list is <a
href="http://marc.theaimsgroup.com/?l=log4j-cvs&amp;r=1&amp;w=2">archived</a>.
To post a message to all its members, send email to <A
HREF="mailto:log4j-cvs@jakarta.apache.org">log4j-cvs@jakarta.apache.org</A>. To
subscribe to the log4j-cvs list send an email to <A
HREF="mailto:log4j-cvs-subscribe@jakarta.apache.org">log4j-cvs-subscribe@jakarta.apache.org</A>.</p>


</section>

</body>
</document>

