<?xml version="1.0"?>
<document>

  <properties>
    <author email="ceki@apache.org">Ceki Gulcu</author>
    <title>Documentation</title>
  </properties>

<body>

    <section name="Official log4j documentation">

      <p>The following documentation is included with the standard log4j
	distribution and also browsable online:</p>
      
      <ul>
	<p>
	  <li><a href="manual.html"><b>short manual</b></a>,
	  </li>
	</p>
	
	<p>
	  <li>
	    <a href="api/index.html"><b>javadoc documentation</b></a>,
	  </li>
	</p>
	
	<p>
	  <li>
	    <a href="HISTORY"><b>project history</b></a>,
	  </li>
	</p>
	
	
	<p>
	  <li>
	    <a href="FAQ.html"><b>FAQ</b></a>,
	  </li>
	</p>
	
	<p>
	  <li>
	    <a href="TROUBLESHOOT.html"><b>troubleshooting guide</b></a>.
	  </li>
	</p>
	
      </ul>
    </section>
    
    <section name="Articles on log4j">
      <ul>

	<li><a href="http://www.vipan.com/htdocs/log4jhelp.html">Don't Use System.out.println!
	    Use Log4j</a> by Vipan Singla
	</li>

	<li><a href="http://builder.com.com/article.jhtml?id=u00820020124kev01.htm">
	    Add logging to your Java Applications</a> by Kevin Brown
	</li>
	
	<li><a href="http://www.entwickler.com/jm/ausgaben/2001/4/artikel/17/online.shtml">
	    Computer: captains, new entry... DasJakarta Logging-System log4j</a> by Thomas Poschmann
	</li>

	<li>
	  <a href="http://www.opensymphony.com/guidelines/logging.jsp">OpenSymphony Logging Primer</a>
	</li>
      </ul>

      <p>If you would like your log4j-relateed article to be listed
	  here, then please send a note to the <a
	  href="mailto:log4j-user@jakarta.apache.org">log4j-user@jakarta.apache.org</a>
	  list.
      </p>


    </section>
</body>
</document>

