<?xml version="1.0"?>
<document>

  <properties>
    <author email="cgu@apache.org">Ceki Gulcu</author>
    <title>Older distributions</title>
  </properties>

<body>

    <section name="Older distributions of the log4j package">

      <hr/> 
      
      <p><b>BEWARE:</b> For some reason Internet Explorer decides to
	rename ".tar.gz" files as ".tar". You should rename the files back to
	<code>tar.gz</code> after the download completes.
      </p> 
      <hr/>

      <dl>
	<dt><b>jakarta-log4j-1.0.4</b></dt>
	<dd>
	  Download full package in <a href="../jakarta-log4j-1.0.4.tar.gz">TAR.GZ</a> 
	  format. 
	</dd>

	<dt><b>jakarta-log4j-1.1.3</b></dt>
	<dd>
	  Download full package in <a href="../jakarta-log4j-1.1.3.tar.gz">TAR.GZ</a> 
	  format.
	</dd>
      </dl>

</section>

</body>
</document>

