<?xml version="1.0" encoding="ISO-8859-1"?>
<project name="Jakarta Site"
        href="http://jakarta.apache.org/">

  <title>Log4j project</title>
  <logo href="images/logo.jpg">The log4j project</logo>
  
  <body>
    
    <menu name="Log4j Project">
      <item name="Introduction"   href="/index.html"/>
      <item name="Download"       href="/download.html"/>
      <item name="Documentation"  href="/documentation.html"/>
      <item name="Plan"           href="/plan.html"/>
      <item name="Contact us"     href="/contactUs.html"/>
      <item name="Contributors"   href="/contributors.html"/>
      <item name="History"        href="/history.html"/>
    </menu>

    <menu name="Jakarta (parent project)">
      <item name="Home page" href="http://jakarta.apache.org/"/>
      <item name="News" href="http://jakarta.apache.org/site/news.html"/>
      <item name="Mission" href="http://jakarta.apache.org/site/mission.html"/>
      <item name="Guidelines" href="http://jakarta.apache.org/site/guidelines.html"/>
      <item name="FAQs" href="http://jakarta.apache.org/site/faqs.html"/>
    </menu>

    <menu name="Translations">
      <item name="Japanese" href="http://www.ingrid.org/jajakarta/log4j/"/>
    </menu>
  </body>
</project>
